Factor_1,Factor_2
-0.5584625648302777,-0.44342087402053926
-0.6146280024780407,0.541203835128794
0.5326979927270187,-0.4349770129106923
1.2788601769811374,-0.7575560085539055
-1.3284643490061934,0.4327043468502229
-0.2134641915270999,-0.1123980172674792
-0.20497795372293107,0.010069724038285491
0.8130446905782647,0.7582028116859362
1.559206874832383,0.43562381604272304
-1.2638126735542614,-0.4294526209933457