,Factor_1,Factor_2
price_influence,0.9210798944955961,-0.06211336254268182
satisfaction,-0.28084169248153246,0.4186160538858725
amenities_importance,-0.9097087591364466,-0.09756432649040463
